subject,session,ROI,SNR_before_dB,SNR_after_dB,Delta_SNR_dB,SME_before_uV,SME_after_uV,Delta_SME_uV,CohenD_before,CohenD_after,Delta_CohenD
sub-003,ses-01,Frontal ROI,17.705158492782264,-4.694822286892899,-22.39998077967516,0.3228211970196403,0.164526088285251,-0.1582951087343893,-0.017620936547466385,-0.08705453324754384,-0.06943359670007745
sub-003,ses-01,Parieto-Occipital ROI,20.58340936737613,-3.089478221788724,-23.672887589164855,0.2513421742386424,0.2423595267086323,-0.008982647530010102,0.46156403921817535,0.13291155095332946,-0.3286524882648459
sub-003,ses-02,Frontal ROI,17.3673720683899,0.6896155428920526,-16.67775652549785,0.328254155073227,0.3330631519583909,0.0048089968851638965,0.02338077394825121,-0.06825912118583088,-0.09163989513408209
sub-003,ses-02,Parieto-Occipital ROI,20.250523904299527,3.5042887286003914,-16.746235175699134,0.2537537313663165,0.24975207894819965,-0.004001652418116869,0.4401629141832791,-0.04099867406882507,-0.48116158825210414
